id;msgv;birth_day;address;gender;cmnd;phone_number
1;synthesize;2020-12-05;../fake-data/blob/hipster.txt;FEMALE;Tools rad;multi-byte
2;Fresh quantify granu;2020-12-05;../fake-data/blob/hipster.txt;MALE;circuit H;Investor S
3;indexing;2020-12-05;../fake-data/blob/hipster.txt;MALE;Cambridge;transparen
4;orchestrate Montana ;2020-12-05;../fake-data/blob/hipster.txt;MALE;JBOD blue;Human
5;back-end Tasty;2020-12-05;../fake-data/blob/hipster.txt;MALE;functiona;sexy calcu
6;back upX;2020-12-05;../fake-data/blob/hipster.txt;MALE;initiativ;bandwidth 
7;sensor paradigm;2020-12-06;../fake-data/blob/hipster.txt;MALE;navigate;deposit ca
8;dedicated;2020-12-06;../fake-data/blob/hipster.txt;FEMALE;Investor ;Borders
9;Operative;2020-12-05;../fake-data/blob/hipster.txt;MALE;Hat Money;Intranet t
10;non-volatile;2020-12-05;../fake-data/blob/hipster.txt;FEMALE;Legacy pa;synergize 
